"Index Name","Index Unique","Index Type","Index Create Statement","Column Name","Column Create Statement","Attribute Datatype"
XPKDOM_MANAGER.VT_DOMICILIOS,Yes,PK,"
CREATE UNIQUE INDEX XPKDOM_MANAGER.VT_DOMICILIOS ON DOM_MANAGER.VT_DOMICILIOS
(ID_VIN   ASC);



ALTER TABLE DOM_MANAGER.VT_DOMICILIOS
ADD CONSTRAINT  XPKDOM_MANAGER.VT_DOMICILIOS PRIMARY KEY (ID_VIN);


",ID_VIN,"ID_VIN               CHAR(18) NOT NULL",CHAR(18)
XPKRCIVIL.T_CARACTERISTICAS,Yes,PK,"
CREATE UNIQUE INDEX XPKRCIVIL.T_CARACTERISTICAS ON RCIVIL.T_CARACTERISTICAS
(ID_CARACTERISTICA   ASC,ID_TIPO_CARACTERISTICA   ASC);



ALTER TABLE RCIVIL.T_CARACTERISTICAS
ADD CONSTRAINT  XPKRCIVIL.T_CARACTERISTICAS PRIMARY KEY (ID_CARACTERISTICA,ID_TIPO_CARACTERISTICA);


",ID_CARACTERISTICA,"ID_CARACTERISTICA    CHAR(18) NOT NULL",CHAR(18)
XPKRCIVIL.T_CARACTERISTICAS,Yes,PK,"
CREATE UNIQUE INDEX XPKRCIVIL.T_CARACTERISTICAS ON RCIVIL.T_CARACTERISTICAS
(ID_CARACTERISTICA   ASC,ID_TIPO_CARACTERISTICA   ASC);



ALTER TABLE RCIVIL.T_CARACTERISTICAS
ADD CONSTRAINT  XPKRCIVIL.T_CARACTERISTICAS PRIMARY KEY (ID_CARACTERISTICA,ID_TIPO_CARACTERISTICA);


",ID_TIPO_CARACTERISTICA,"ID_TIPO_CARACTERISTICA CHAR(18) NOT NULL",CHAR(18)
XIF1RCIVIL.T_CARACTERISTICAS,No,IF1,"
ALTER TABLE RCIVIL.T_CARACTERISTICAS
ADD CONSTRAINT R_20 FOREIGN KEY (ID_TIPO_CARACTERISTICA) REFERENCES RCIVIL.T_TIPOS_CARACTERISTICA (ID_TIPO_CARACTERISTICA);


",ID_TIPO_CARACTERISTICA,"ID_TIPO_CARACTERISTICA CHAR(18) NOT NULL",CHAR(18)
PK_OBRA_SOCIAL,Yes,PK,"
CREATE UNIQUE INDEX PK_OBRA_SOCIAL ON RCIVIL.T_OBRAS_SOCIAL
(ID_OBRA_SOCIAL   ASC);



ALTER TABLE RCIVIL.T_OBRAS_SOCIAL
ADD CONSTRAINT  PK_OBRA_SOCIAL PRIMARY KEY (ID_OBRA_SOCIAL);


",ID_OBRA_SOCIAL,"ID_OBRA_SOCIAL       NUMBER(10) NOT NULL",NUMBER(10)
XPKRCIVIL.T_TIPOS_CARACTERISTI,Yes,PK,"
CREATE UNIQUE INDEX XPKRCIVIL.T_TIPOS_CARACTERISTI ON RCIVIL.T_TIPOS_CARACTERISTICA
(ID_TIPO_CARACTERISTICA   ASC);



ALTER TABLE RCIVIL.T_TIPOS_CARACTERISTICA
ADD CONSTRAINT  XPKRCIVIL.T_TIPOS_CARACTERISTI PRIMARY KEY (ID_TIPO_CARACTERISTICA);


",ID_TIPO_CARACTERISTICA,"ID_TIPO_CARACTERISTICA CHAR(18) NOT NULL",CHAR(18)
PK_ESTADO_CIVIL,Yes,PK,"
CREATE UNIQUE INDEX PK_ESTADO_CIVIL ON RCIVIL.VT_ESTADOS_CIVIL
(ID_ESTADO_CIVIL   ASC);



ALTER TABLE RCIVIL.VT_ESTADOS_CIVIL
ADD CONSTRAINT  PK_ESTADO_CIVIL PRIMARY KEY (ID_ESTADO_CIVIL);


",ID_ESTADO_CIVIL,"ID_ESTADO_CIVIL      NUMBER(10) NOT NULL",NUMBER(10)
PK_ESTUDIO_CURSADO,Yes,PK,"
CREATE UNIQUE INDEX PK_ESTUDIO_CURSADO ON RCIVIL.VT_ESTUDIOS_CURSADO
(ID_ESTUDIO_CURSADO   ASC);



ALTER TABLE RCIVIL.VT_ESTUDIOS_CURSADO
ADD CONSTRAINT  PK_ESTUDIO_CURSADO PRIMARY KEY (ID_ESTUDIO_CURSADO);


",ID_ESTUDIO_CURSADO,"ID_ESTUDIO_CURSADO   NUMBER(10) NOT NULL",NUMBER(10)
XPKRCIVIL.VT_PK_PERSONA,Yes,PK,"
CREATE UNIQUE INDEX XPKRCIVIL.VT_PK_PERSONA ON RCIVIL.VT_PK_PERSONA
(ID_SEXO   ASC,NRO_DOCUMENTO   ASC,PAI_COD_PAIS   ASC,ID_NUMERO   ASC);



ALTER TABLE RCIVIL.VT_PK_PERSONA
ADD CONSTRAINT  XPKRCIVIL.VT_PK_PERSONA PRIMARY KEY (ID_SEXO,NRO_DOCUMENTO,PAI_COD_PAIS,ID_NUMERO);


",ID_SEXO,"ID_SEXO              CHAR(18) NOT NULL",CHAR(18)
XPKRCIVIL.VT_PK_PERSONA,Yes,PK,"
CREATE UNIQUE INDEX XPKRCIVIL.VT_PK_PERSONA ON RCIVIL.VT_PK_PERSONA
(ID_SEXO   ASC,NRO_DOCUMENTO   ASC,PAI_COD_PAIS   ASC,ID_NUMERO   ASC);



ALTER TABLE RCIVIL.VT_PK_PERSONA
ADD CONSTRAINT  XPKRCIVIL.VT_PK_PERSONA PRIMARY KEY (ID_SEXO,NRO_DOCUMENTO,PAI_COD_PAIS,ID_NUMERO);


",NRO_DOCUMENTO,"NRO_DOCUMENTO        CHAR(18) NOT NULL",CHAR(18)
XPKRCIVIL.VT_PK_PERSONA,Yes,PK,"
CREATE UNIQUE INDEX XPKRCIVIL.VT_PK_PERSONA ON RCIVIL.VT_PK_PERSONA
(ID_SEXO   ASC,NRO_DOCUMENTO   ASC,PAI_COD_PAIS   ASC,ID_NUMERO   ASC);



ALTER TABLE RCIVIL.VT_PK_PERSONA
ADD CONSTRAINT  XPKRCIVIL.VT_PK_PERSONA PRIMARY KEY (ID_SEXO,NRO_DOCUMENTO,PAI_COD_PAIS,ID_NUMERO);


",PAI_COD_PAIS,"PAI_COD_PAIS         CHAR(18) NOT NULL",CHAR(18)
XPKRCIVIL.VT_PK_PERSONA,Yes,PK,"
CREATE UNIQUE INDEX XPKRCIVIL.VT_PK_PERSONA ON RCIVIL.VT_PK_PERSONA
(ID_SEXO   ASC,NRO_DOCUMENTO   ASC,PAI_COD_PAIS   ASC,ID_NUMERO   ASC);



ALTER TABLE RCIVIL.VT_PK_PERSONA
ADD CONSTRAINT  XPKRCIVIL.VT_PK_PERSONA PRIMARY KEY (ID_SEXO,NRO_DOCUMENTO,PAI_COD_PAIS,ID_NUMERO);


",ID_NUMERO,"ID_NUMERO            CHAR(18) NOT NULL",CHAR(18)
XPKRCIVIL.VT_SEXOS,Yes,PK,"
CREATE UNIQUE INDEX XPKRCIVIL.VT_SEXOS ON RCIVIL.VT_SEXOS
(ID_SEXO   ASC);



ALTER TABLE RCIVIL.VT_SEXOS
ADD CONSTRAINT  XPKRCIVIL.VT_SEXOS PRIMARY KEY (ID_SEXO);


",ID_SEXO,"ID_SEXO              CHAR(18) NOT NULL",CHAR(18)
PK_SITUACION_LABORAL,Yes,PK,"
CREATE UNIQUE INDEX PK_SITUACION_LABORAL ON RCIVIL.VT_SITUACION_LABORAL
(ID_SITUACION_LABORAL   ASC);



ALTER TABLE RCIVIL.VT_SITUACION_LABORAL
ADD CONSTRAINT  PK_SITUACION_LABORAL PRIMARY KEY (ID_SITUACION_LABORAL);


",ID_SITUACION_LABORAL,"ID_SITUACION_LABORAL NUMBER(10) NOT NULL",NUMBER(10)
PK_TIPO_VINCULO_FAMILIAR,Yes,PK,"
CREATE UNIQUE INDEX PK_TIPO_VINCULO_FAMILIAR ON RCIVIL.VT_VINCULOS
(ID_VINCULO   ASC);



ALTER TABLE RCIVIL.VT_VINCULOS
ADD CONSTRAINT  PK_TIPO_VINCULO_FAMILIAR PRIMARY KEY (ID_VINCULO);


",ID_VINCULO,"ID_VINCULO           NUMBER(10) NOT NULL",NUMBER(10)
XPKT_AGRUPAMIENTOS_DELITO,Yes,PK,"
CREATE UNIQUE INDEX XPKT_AGRUPAMIENTOS_DELITO ON T_AGRUPAMIENTOS_DELITO
(ID_AGRUPAMIENTO_DELITO   ASC);



ALTER TABLE T_AGRUPAMIENTOS_DELITO
ADD CONSTRAINT  XPKT_AGRUPAMIENTOS_DELITO PRIMARY KEY (ID_AGRUPAMIENTO_DELITO);


",ID_AGRUPAMIENTO_DELITO,"ID_AGRUPAMIENTO_DELITO NUMBER(10) NOT NULL",NUMBER(10)
XPKT_AMBITOS_VULNERABILIDAD,Yes,PK,"
CREATE UNIQUE INDEX XPKT_AMBITOS_VULNERABILIDAD ON T_AMBITOS_VULNERABILIDAD
(ID_AMBITO_VULNERABILIDAD   ASC);



ALTER TABLE T_AMBITOS_VULNERABILIDAD
ADD CONSTRAINT  XPKT_AMBITOS_VULNERABILIDAD PRIMARY KEY (ID_AMBITO_VULNERABILIDAD);


",ID_AMBITO_VULNERABILIDAD,"ID_AMBITO_VULNERABILIDAD NUMBER(2) NOT NULL",NUMBER(2)
XPKT_CATEGORIAS_MOTIVO_I,Yes,PK,"
CREATE UNIQUE INDEX XPKT_CATEGORIAS_MOTIVO_I ON T_CATEGORIAS_MOTIVO_I
(ID_CATEGORIA_MOTIVO   ASC);



ALTER TABLE T_CATEGORIAS_MOTIVO_I
ADD CONSTRAINT  XPKT_CATEGORIAS_MOTIVO_I PRIMARY KEY (ID_CATEGORIA_MOTIVO);


",ID_CATEGORIA_MOTIVO,"ID_CATEGORIA_MOTIVO  NUMBER(10) NOT NULL",NUMBER(10)
PK_CATEGO_TIPO_INTERV,Yes,PK,"
CREATE UNIQUE INDEX PK_CATEGO_TIPO_INTERV ON T_CATEGORIAS_TIPO_INTERV
(ID_CATEGORIA_TIPO_INTERV   ASC);



ALTER TABLE T_CATEGORIAS_TIPO_INTERV
ADD CONSTRAINT  PK_CATEGO_TIPO_INTERV PRIMARY KEY (ID_CATEGORIA_TIPO_INTERV);


",ID_CATEGORIA_TIPO_INTERV,"ID_CATEGORIA_TIPO_INTERV NUMBER(10) NOT NULL",NUMBER(10)
PK_DEPARTAMENTO_JUDICIAL,Yes,PK,"
CREATE UNIQUE INDEX PK_DEPARTAMENTO_JUDICIAL ON T_DEPARTAMENTOS_JUDICIAL
(ID_DEPARTAMENTO_JUDICIAL   ASC);



ALTER TABLE T_DEPARTAMENTOS_JUDICIAL
ADD CONSTRAINT  PK_DEPARTAMENTO_JUDICIAL PRIMARY KEY (ID_DEPARTAMENTO_JUDICIAL);


",ID_DEPARTAMENTO_JUDICIAL,"ID_DEPARTAMENTO_JUDICIAL NUMBER(10) NOT NULL",NUMBER(10)
PK_DERECHO_AFECTADO,Yes,PK,"
CREATE UNIQUE INDEX PK_DERECHO_AFECTADO ON T_DERECHOS_AFECTADO
(ID_DERECHO_AFECTADO   ASC);



ALTER TABLE T_DERECHOS_AFECTADO
ADD CONSTRAINT  PK_DERECHO_AFECTADO PRIMARY KEY (ID_DERECHO_AFECTADO);


",ID_DERECHO_AFECTADO,"ID_DERECHO_AFECTADO  NUMBER(10) NOT NULL",NUMBER(10)
PK_DERIVADOR,Yes,PK,"
CREATE UNIQUE INDEX PK_DERIVADOR ON T_DERIVADORES
(ID_DERIVADOR   ASC);



ALTER TABLE T_DERIVADORES
ADD CONSTRAINT  PK_DERIVADOR PRIMARY KEY (ID_DERIVADOR);


",ID_DERIVADOR,"ID_DERIVADOR         NUMBER(3) NOT NULL",NUMBER(3)
XPKT_DOCS_AYUDA,Yes,PK,"
CREATE UNIQUE INDEX XPKT_DOCS_AYUDA ON T_DOCS_AYUDA
(ID_DOC_AYUDA   ASC);



ALTER TABLE T_DOCS_AYUDA
ADD CONSTRAINT  XPKT_DOCS_AYUDA PRIMARY KEY (ID_DOC_AYUDA);


",ID_DOC_AYUDA,"ID_DOC_AYUDA         NUMBER(10) NOT NULL",NUMBER(10)
XPKT_DOCS_INTERV_MPE,Yes,PK,"
CREATE UNIQUE INDEX XPKT_DOCS_INTERV_MPE ON T_DOCS_INTERV_MPE
(ID_DOC_MEXCEPCIONAL   ASC);



ALTER TABLE T_DOCS_INTERV_MPE
ADD CONSTRAINT  XPKT_DOCS_INTERV_MPE PRIMARY KEY (ID_DOC_MEXCEPCIONAL);


",ID_DOC_MEXCEPCIONAL,"ID_DOC_MEXCEPCIONAL  NUMBER(10) NOT NULL",NUMBER(10)
XIF1T_DOCS_INTERV_MPE,No,IF1,"
ALTER TABLE T_DOCS_INTERV_MPE
ADD CONSTRAINT R_40 FOREIGN KEY (ID_INTERV_PROT_EXCEP) REFERENCES T_INTERV_MPE (ID_INTERV_PROT_EXCEP) ON DELETE SET NULL;


",ID_INTERV_PROT_EXCEP,"ID_INTERV_PROT_EXCEP NUMBER(10) NULL",NUMBER(10)
XPKT_DOCS_INTERV_MPI,Yes,PK,"
CREATE UNIQUE INDEX XPKT_DOCS_INTERV_MPI ON T_DOCS_INTERV_MPI
(ID_DOC_PINTEGRAL   ASC);



ALTER TABLE T_DOCS_INTERV_MPI
ADD CONSTRAINT  XPKT_DOCS_INTERV_MPI PRIMARY KEY (ID_DOC_PINTEGRAL);


",ID_DOC_PINTEGRAL,"ID_DOC_PINTEGRAL     CHAR(18) NOT NULL",CHAR(18)
XIF1T_DOCS_INTERV_MPI,No,IF1,"
ALTER TABLE T_DOCS_INTERV_MPI
ADD CONSTRAINT R_45 FOREIGN KEY (ID_INTERV_PROT_INTEGRAL) REFERENCES T_INTERV_MPI (ID_INTERV_PROT_INTEGRAL) ON DELETE SET NULL;


",ID_INTERV_PROT_INTEGRAL,"ID_INTERV_PROT_INTEGRAL NUMBER(10) NULL",NUMBER(10)
XPKT_DOCS_MPENAL,Yes,PK,"
CREATE UNIQUE INDEX XPKT_DOCS_MPENAL ON T_DOCS_MPENAL
(ID_DOC_MPENAL   ASC);



ALTER TABLE T_DOCS_MPENAL
ADD CONSTRAINT  XPKT_DOCS_MPENAL PRIMARY KEY (ID_DOC_MPENAL);


",ID_DOC_MPENAL,"ID_DOC_MPENAL        NUMBER(10) NOT NULL",NUMBER(10)
XIF1T_DOCS_MPENAL,No,IF1,"
ALTER TABLE T_DOCS_MPENAL
ADD CONSTRAINT R_43 FOREIGN KEY (ID_INTERV_MEP) REFERENCES T_INTERV_MPJ (ID_INTERV_MEP) ON DELETE SET NULL;


",ID_INTERV_MEP,"ID_INTERV_MEP        NUMBER(10) NULL",NUMBER(10)
XPKT_DOCS_SITUACION_JUDICIAL,Yes,PK,"
CREATE UNIQUE INDEX XPKT_DOCS_SITUACION_JUDICIAL ON T_DOCS_SITUACION_JUDICIAL
(ID_DOC_SJUDICIAL   ASC);



ALTER TABLE T_DOCS_SITUACION_JUDICIAL
ADD CONSTRAINT  XPKT_DOCS_SITUACION_JUDICIAL PRIMARY KEY (ID_DOC_SJUDICIAL);


",ID_DOC_SJUDICIAL,"ID_DOC_SJUDICIAL     NUMBER(10) NOT NULL",NUMBER(10)
XIF1T_DOCS_SITUACION_JUDICIAL,No,IF1,"
ALTER TABLE T_DOCS_SITUACION_JUDICIAL
ADD CONSTRAINT R_46 FOREIGN KEY (ID_SITUACION_JUDICIAL) REFERENCES T_SITUACION_JUDICIAL (ID_SITUACION_JUDICIAL) ON DELETE SET NULL;


",ID_SITUACION_JUDICIAL,"ID_SITUACION_JUDICIAL NUMBER(10) NULL",NUMBER(10)
XPKT_ESTADOS_INTERV,Yes,PK,"
CREATE UNIQUE INDEX XPKT_ESTADOS_INTERV ON T_ESTADOS_INTERV
(ID_ESTADO_INTERV   ASC);



ALTER TABLE T_ESTADOS_INTERV
ADD CONSTRAINT  XPKT_ESTADOS_INTERV PRIMARY KEY (ID_ESTADO_INTERV);


",ID_ESTADO_INTERV,"ID_ESTADO_INTERV     NUMBER(2) NOT NULL",NUMBER(2)
XPKT_ESTADOS_LLAMADA102,Yes,PK,"
CREATE UNIQUE INDEX XPKT_ESTADOS_LLAMADA102 ON T_ESTADOS_LLAMADA102
(ID_ESTADO_LLAMADA102   ASC);



ALTER TABLE T_ESTADOS_LLAMADA102
ADD CONSTRAINT  XPKT_ESTADOS_LLAMADA102 PRIMARY KEY (ID_ESTADO_LLAMADA102);


",ID_ESTADO_LLAMADA102,"ID_ESTADO_LLAMADA102 NUMBER(2,) NOT NULL","NUMBER(2,)"
XPKT_ESTADOS_SITUACION_JUD,Yes,PK,"
CREATE UNIQUE INDEX XPKT_ESTADOS_SITUACION_JUD ON T_ESTADOS_SITUACION_JUD
(ID_ESTADO   ASC);



ALTER TABLE T_ESTADOS_SITUACION_JUD
ADD CONSTRAINT  XPKT_ESTADOS_SITUACION_JUD PRIMARY KEY (ID_ESTADO);


",ID_ESTADO,"ID_ESTADO            NUMBER(1) NOT NULL",NUMBER(1)
XPKT_FORMAS_CONOCIMIENTO,Yes,PK,"
CREATE UNIQUE INDEX XPKT_FORMAS_CONOCIMIENTO ON T_FORMAS_CONOCIMIENTO
(ID_FORMA_CONOCIMIENTO   ASC);



ALTER TABLE T_FORMAS_CONOCIMIENTO
ADD CONSTRAINT  XPKT_FORMAS_CONOCIMIENTO PRIMARY KEY (ID_FORMA_CONOCIMIENTO);


",ID_FORMA_CONOCIMIENTO,"ID_FORMA_CONOCIMIENTO NUMBER(2) NOT NULL",NUMBER(2)
XPKT_IMPLICADOS_LLAMADA_102,Yes,PK,"
CREATE UNIQUE INDEX XPKT_IMPLICADOS_LLAMADA_102 ON T_IMPLICADOS_LLAMADA_102
(ID_IMPLICADOS_LLAMADA_102   ASC);



ALTER TABLE T_IMPLICADOS_LLAMADA_102
ADD CONSTRAINT  XPKT_IMPLICADOS_LLAMADA_102 PRIMARY KEY (ID_IMPLICADOS_LLAMADA_102);


",ID_IMPLICADOS_LLAMADA_102,"ID_IMPLICADOS_LLAMADA_102 NUMBER(15) NOT NULL",NUMBER(15)
XIF1T_IMPLICADOS_LLAMADA_102,No,IF1,"
ALTER TABLE T_IMPLICADOS_LLAMADA_102
ADD CONSTRAINT R_63 FOREIGN KEY (ID_SEXO) REFERENCES RCIVIL.VT_SEXOS (ID_SEXO) ON DELETE SET NULL;


",ID_SEXO,"ID_SEXO              VARCHAR2(2) NULL",VARCHAR2(2)
XIF2T_IMPLICADOS_LLAMADA_102,No,IF2,"
ALTER TABLE T_IMPLICADOS_LLAMADA_102
ADD CONSTRAINT R_64 FOREIGN KEY (ID_ESTUDIO_CURSADO) REFERENCES RCIVIL.VT_ESTUDIOS_CURSADO (ID_ESTUDIO_CURSADO) ON DELETE SET NULL;


",ID_ESTUDIO_CURSADO,"ID_ESTUDIO_CURSADO   NUMBER(10) NULL",NUMBER(10)
XIF3T_IMPLICADOS_LLAMADA_102,No,IF3,"
ALTER TABLE T_IMPLICADOS_LLAMADA_102
ADD CONSTRAINT R_65 FOREIGN KEY (ID_VINCULO) REFERENCES RCIVIL.VT_VINCULOS (ID_VINCULO) ON DELETE SET NULL;


",ID_VINCULO,"ID_VINCULO           VARCHAR2(5) NULL",VARCHAR2(5)
XIF4T_IMPLICADOS_LLAMADA_102,No,IF4,"
ALTER TABLE T_IMPLICADOS_LLAMADA_102
ADD CONSTRAINT R_66 FOREIGN KEY (ID_LLAMADA_102) REFERENCES T_LLAMADAS_102 (ID_LLAMADA_102) ON DELETE SET NULL;


",ID_LLAMADA_102,"ID_LLAMADA_102       NUMBER(15) NULL",NUMBER(15)
PK_INST,Yes,PK,"
CREATE UNIQUE INDEX PK_INST ON T_INSTITUCIONES
(ID_INSTITUCION   ASC);



ALTER TABLE T_INSTITUCIONES
ADD CONSTRAINT  PK_INST PRIMARY KEY (ID_INSTITUCION);


",ID_INSTITUCION,"ID_INSTITUCION       NUMBER(10) NOT NULL",NUMBER(10)
XIF1T_INSTITUCIONES,No,IF1,"
ALTER TABLE T_INSTITUCIONES
ADD CONSTRAINT FK_INST_TPOINST FOREIGN KEY (ID_TIPO_INSTITUCION) REFERENCES T_TIPOS_INSTITUCION (ID_TIPO_INSTITUCION);


",ID_TIPO_INSTITUCION,"ID_TIPO_INSTITUCION  NUMBER(10) NULL",NUMBER(10)
XIF2T_INSTITUCIONES,No,IF2,"
ALTER TABLE T_INSTITUCIONES
ADD CONSTRAINT FK_INST_ZONAL FOREIGN KEY (ID_ZONAL) REFERENCES T_ZONALES (ID_ZONAL);


",ID_ZONAL,"ID_ZONAL             NUMBER(10) NULL",NUMBER(10)
XIF3T_INSTITUCIONES,No,IF3,"
ALTER TABLE T_INSTITUCIONES
ADD CONSTRAINT R_18 FOREIGN KEY (ID_SEXO_REC, NRO_DOCUMENTO_REC, PAI_COD_PAIS_REC, ID_NUMERO_REC) REFERENCES RCIVIL.VT_PK_PERSONA (ID_SEXO, NRO_DOCUMENTO, PAI_COD_PAIS, ID_NUMERO) ON DELETE SET NULL;


",ID_SEXO_REC,"ID_SEXO_REC          VARCHAR2(2) NULL",VARCHAR2(2)
XIF3T_INSTITUCIONES,No,IF3,"
ALTER TABLE T_INSTITUCIONES
ADD CONSTRAINT R_18 FOREIGN KEY (ID_SEXO_REC, NRO_DOCUMENTO_REC, PAI_COD_PAIS_REC, ID_NUMERO_REC) REFERENCES RCIVIL.VT_PK_PERSONA (ID_SEXO, NRO_DOCUMENTO, PAI_COD_PAIS, ID_NUMERO) ON DELETE SET NULL;


",NRO_DOCUMENTO_REC,"NRO_DOCUMENTO_REC    VARCHAR2(12) NULL",VARCHAR2(12)
XIF3T_INSTITUCIONES,No,IF3,"
ALTER TABLE T_INSTITUCIONES
ADD CONSTRAINT R_18 FOREIGN KEY (ID_SEXO_REC, NRO_DOCUMENTO_REC, PAI_COD_PAIS_REC, ID_NUMERO_REC) REFERENCES RCIVIL.VT_PK_PERSONA (ID_SEXO, NRO_DOCUMENTO, PAI_COD_PAIS, ID_NUMERO) ON DELETE SET NULL;


",PAI_COD_PAIS_REC,"PAI_COD_PAIS_REC     VARCHAR2(5) NULL",VARCHAR2(5)
XIF3T_INSTITUCIONES,No,IF3,"
ALTER TABLE T_INSTITUCIONES
ADD CONSTRAINT R_18 FOREIGN KEY (ID_SEXO_REC, NRO_DOCUMENTO_REC, PAI_COD_PAIS_REC, ID_NUMERO_REC) REFERENCES RCIVIL.VT_PK_PERSONA (ID_SEXO, NRO_DOCUMENTO, PAI_COD_PAIS, ID_NUMERO) ON DELETE SET NULL;


",ID_NUMERO_REC,"ID_NUMERO_REC        NUMBER(10) NULL",NUMBER(10)
XPKT_INSTITUCIONES_X_TCIRCUITO,Yes,PK,"
CREATE UNIQUE INDEX XPKT_INSTITUCIONES_X_TCIRCUITO ON T_INSTITUCIONES_X_TCIRCUITO
(ID_INSTITUCION   ASC,ID_TIPO_CIRCUITO   ASC);



ALTER TABLE T_INSTITUCIONES_X_TCIRCUITO
ADD CONSTRAINT  XPKT_INSTITUCIONES_X_TCIRCUITO PRIMARY KEY (ID_INSTITUCION,ID_TIPO_CIRCUITO);


",ID_INSTITUCION,"ID_INSTITUCION       NUMBER(10) NOT NULL",NUMBER(10)
XPKT_INSTITUCIONES_X_TCIRCUITO,Yes,PK,"
CREATE UNIQUE INDEX XPKT_INSTITUCIONES_X_TCIRCUITO ON T_INSTITUCIONES_X_TCIRCUITO
(ID_INSTITUCION   ASC,ID_TIPO_CIRCUITO   ASC);



ALTER TABLE T_INSTITUCIONES_X_TCIRCUITO
ADD CONSTRAINT  XPKT_INSTITUCIONES_X_TCIRCUITO PRIMARY KEY (ID_INSTITUCION,ID_TIPO_CIRCUITO);


",ID_TIPO_CIRCUITO,"ID_TIPO_CIRCUITO     NUMBER(1) NOT NULL",NUMBER(1)
XIF1T_INSTITUCIONES_X_TCIRCUIT,No,IF1,"
ALTER TABLE T_INSTITUCIONES_X_TCIRCUITO
ADD CONSTRAINT R_41 FOREIGN KEY (ID_INSTITUCION) REFERENCES T_INSTITUCIONES (ID_INSTITUCION);


",ID_INSTITUCION,"ID_INSTITUCION       NUMBER(10) NOT NULL",NUMBER(10)
XIF2T_INSTITUCIONES_X_TCIRCUIT,No,IF2,"
ALTER TABLE T_INSTITUCIONES_X_TCIRCUITO
ADD CONSTRAINT R_42 FOREIGN KEY (ID_TIPO_CIRCUITO) REFERENCES T_TIPOS_CIRCUITO (ID_TIPO_CIRCUITO);


",ID_TIPO_CIRCUITO,"ID_TIPO_CIRCUITO     NUMBER(1) NOT NULL",NUMBER(1)
PK_INT_PROT_EXC,Yes,PK,"
CREATE UNIQUE INDEX PK_INT_PROT_EXC ON T_INTERV_MPE
(ID_INTERV_PROT_EXCEP   ASC);



ALTER TABLE T_INTERV_MPE
ADD CONSTRAINT  PK_INT_PROT_EXC PRIMARY KEY (ID_INTERV_PROT_EXCEP);


",ID_INTERV_PROT_EXCEP,"ID_INTERV_PROT_EXCEP NUMBER(10) NOT NULL",NUMBER(10)
XIF1T_INTERV_MPE,No,IF1,"
ALTER TABLE T_INTERV_MPE
ADD CONSTRAINT FK_INT_PROT_EXC_DERIV FOREIGN KEY (ID_DERIVADOR) REFERENCES T_DERIVADORES (ID_DERIVADOR);


",ID_DERIVADOR,"ID_DERIVADOR         NUMBER(10) NULL",NUMBER(10)
XIF2T_INTERV_MPE,No,IF2,"
ALTER TABLE T_INTERV_MPE
ADD CONSTRAINT FK_INT_PROT_EXC_LEGAJO FOREIGN KEY (ID_LEGAJO) REFERENCES T_LEGAJOS (ID_LEGAJO);


",ID_LEGAJO,"ID_LEGAJO            NUMBER(10) NULL",NUMBER(10)
XIF3T_INTERV_MPE,No,IF3,"
ALTER TABLE T_INTERV_MPE
ADD CONSTRAINT FK_INT_PROT_EXC_MODIF FOREIGN KEY (USR_MODIF_ESTADO_INTERV) REFERENCES T_USUARIOS (CUIL);


",USR_MODIF_ESTADO_INTERV,"USR_MODIF_ESTADO_INTERV VARCHAR2(11) NULL",VARCHAR2(11)
XIF4T_INTERV_MPE,No,IF4,"
ALTER TABLE T_INTERV_MPE
ADD CONSTRAINT FK_INT_PROT_EXC_MOT_INT FOREIGN KEY (ID_MOTIVO_INTERVENCION) REFERENCES T_MOTIVOS_INTERVENCION (ID_MOTIVO_INTERVENCION);


",ID_MOTIVO_INTERVENCION,"ID_MOTIVO_INTERVENCION NUMBER(10) NULL",NUMBER(10)
XIF5T_INTERV_MPE,No,IF5,"
ALTER TABLE T_INTERV_MPE
ADD CONSTRAINT FK_INT_PROT_EXC_TPO_INT FOREIGN KEY (ID_TIPO_INTERVENCION) REFERENCES T_TIPOS_INTERVENCION (ID_TIPO_INTERVENCION);


",ID_TIPO_INTERVENCION,"ID_TIPO_INTERVENCION NUMBER(10) NULL",NUMBER(10)
XIF6T_INTERV_MPE,No,IF6,"
ALTER TABLE T_INTERV_MPE
ADD CONSTRAINT FK_INT_PROT_EXC_ZONAL FOREIGN KEY (ID_ZONAL_INTERV) REFERENCES T_ZONALES (ID_ZONAL);


",ID_ZONAL_INTERV,"ID_ZONAL_INTERV      NUMBER(10) NULL",NUMBER(10)
XIF7T_INTERV_MPE,No,IF7,"
ALTER TABLE T_INTERV_MPE
ADD CONSTRAINT FK_INT_PROT_EXC_ALTA FOREIGN KEY (USR_MODIF_ESTADO_INTERV) REFERENCES T_USUARIOS (CUIL);


",USR_MODIF_ESTADO_INTERV,"USR_MODIF_ESTADO_INTERV NUMBER(10) NULL",NUMBER(10)
XIF8T_INTERV_MPE,No,IF8,"
ALTER TABLE T_INTERV_MPE
ADD CONSTRAINT R_34 FOREIGN KEY (ID_ESTADO_INTERV) REFERENCES T_ESTADOS_INTERV (ID_ESTADO_INTERV) ON DELETE SET NULL;


",ID_ESTADO_INTERV,"ID_ESTADO_INTERV     NUMBER(2) NULL",NUMBER(2)
XIF9T_INTERV_MPE,No,IF9,"
ALTER TABLE T_INTERV_MPE
ADD CONSTRAINT R_37 FOREIGN KEY (ID_INSTITUCION) REFERENCES T_INSTITUCIONES (ID_INSTITUCION) ON DELETE SET NULL;


",ID_INSTITUCION,"ID_INSTITUCION       NUMBER(10) NULL",NUMBER(10)
PK_INT_PROT_INT,Yes,PK,"
CREATE UNIQUE INDEX PK_INT_PROT_INT ON T_INTERV_MPI
(ID_INTERV_PROT_INTEGRAL   ASC);



ALTER TABLE T_INTERV_MPI
ADD CONSTRAINT  PK_INT_PROT_INT PRIMARY KEY (ID_INTERV_PROT_INTEGRAL);


",ID_INTERV_PROT_INTEGRAL,"ID_INTERV_PROT_INTEGRAL NUMBER(10) NOT NULL",NUMBER(10)
XIF1T_INTERV_MPI,No,IF1,"
ALTER TABLE T_INTERV_MPI
ADD CONSTRAINT FK_INT_PROT_INT_DERIV FOREIGN KEY (ID_DERIVADOR) REFERENCES T_DERIVADORES (ID_DERIVADOR);


",ID_DERIVADOR,"ID_DERIVADOR         NUMBER(10) NULL",NUMBER(10)
XIF2T_INTERV_MPI,No,IF2,"
ALTER TABLE T_INTERV_MPI
ADD CONSTRAINT FK_INT_PROT_INT_LEGAJO FOREIGN KEY (ID_LEGAJO) REFERENCES T_LEGAJOS (ID_LEGAJO);


",ID_LEGAJO,"ID_LEGAJO            NUMBER(10) NULL",NUMBER(10)
XIF4T_INTERV_MPI,No,IF4,"
ALTER TABLE T_INTERV_MPI
ADD CONSTRAINT FK_INT_PROT_INT_MOT_INT FOREIGN KEY (ID_MOTIVO_INTERVENCION) REFERENCES T_MOTIVOS_INTERVENCION (ID_MOTIVO_INTERVENCION);


",ID_MOTIVO_INTERVENCION,"ID_MOTIVO_INTERVENCION NUMBER(10) NULL",NUMBER(10)
XIF5T_INTERV_MPI,No,IF5,"
ALTER TABLE T_INTERV_MPI
ADD CONSTRAINT FK_INT_PROT_INT_TPO_INT FOREIGN KEY (ID_TIPO_INTERVENCION) REFERENCES T_TIPOS_INTERVENCION (ID_TIPO_INTERVENCION);


",ID_TIPO_INTERVENCION,"ID_TIPO_INTERVENCION NUMBER(10) NULL",NUMBER(10)
XIF6T_INTERV_MPI,No,IF6,"
ALTER TABLE T_INTERV_MPI
ADD CONSTRAINT R_31 FOREIGN KEY (ID_ZONAL_INTERV) REFERENCES T_ZONALES (ID_ZONAL) ON DELETE SET NULL;


",ID_ZONAL_INTERV,"ID_ZONAL_INTERV      NUMBER(4) NULL",NUMBER(4)
XIF7T_INTERV_MPI,No,IF7,"
ALTER TABLE T_INTERV_MPI
ADD CONSTRAINT R_49 FOREIGN KEY (ID_LOCAL_INTERV) REFERENCES T_LOCALES (ID_LOCAL) ON DELETE SET NULL;


",ID_LOCAL_INTERV,"ID_LOCAL_INTERV      NUMBER(4) NULL",NUMBER(4)
PK_INTERV_MEP,Yes,PK,"
CREATE UNIQUE INDEX PK_INTERV_MEP ON T_INTERV_MPJ
(ID_INTERV_MEP   ASC);



ALTER TABLE T_INTERV_MPJ
ADD CONSTRAINT  PK_INTERV_MEP PRIMARY KEY (ID_INTERV_MEP);


",ID_INTERV_MEP,"ID_INTERV_MEP        NUMBER(10) NOT NULL",NUMBER(10)
XIF1T_INTERV_MPJ,No,IF1,"
ALTER TABLE T_INTERV_MPJ
ADD CONSTRAINT FK_INTERV_MEP_LEGAJO FOREIGN KEY (ID_LEGAJO) REFERENCES T_LEGAJOS (ID_LEGAJO);


",ID_LEGAJO,"ID_LEGAJO            NUMBER(10) NULL",NUMBER(10)
XIF3T_INTERV_MPJ,No,IF3,"
ALTER TABLE T_INTERV_MPJ
ADD CONSTRAINT FK_INTERV_MEP_JUZG FOREIGN KEY (ID_ORGANO) REFERENCES T_ORGANOS_JUDICIAL (ID_ORGANO);


",ID_ORGANO,"ID_ORGANO            NUMBER(10) NULL",NUMBER(10)
XIF4T_INTERV_MPJ,No,IF4,"
ALTER TABLE T_INTERV_MPJ
ADD CONSTRAINT FK_INTERV_MEP_TPO_INT FOREIGN KEY (ID_TIPO_INTERVENCION) REFERENCES T_TIPOS_INTERVENCION (ID_TIPO_INTERVENCION);


",ID_TIPO_INTERVENCION,"ID_TIPO_INTERVENCION NUMBER(10) NULL",NUMBER(10)
XIF5T_INTERV_MPJ,No,IF5,"
ALTER TABLE T_INTERV_MPJ
ADD CONSTRAINT FK_INTERV_MEP_MOT_INT FOREIGN KEY (ID_MOTIVO_INTERVENCION) REFERENCES T_MOTIVOS_INTERVENCION (ID_MOTIVO_INTERVENCION);


",ID_MOTIVO_INTERVENCION,"ID_MOTIVO_INTERVENCION NUMBER(10) NULL",NUMBER(10)
XIF6T_INTERV_MPJ,No,IF6,"
ALTER TABLE T_INTERV_MPJ
ADD CONSTRAINT R_36 FOREIGN KEY (ID_INSTITUCION) REFERENCES T_INSTITUCIONES (ID_INSTITUCION) ON DELETE SET NULL;


",ID_INSTITUCION,"ID_INSTITUCION       NUMBER(10) NULL",NUMBER(10)
XIF7T_INTERV_MPJ,No,IF7,"
ALTER TABLE T_INTERV_MPJ
ADD CONSTRAINT R_47 FOREIGN KEY (ID_ZONAL) REFERENCES T_ZONALES (ID_ZONAL) ON DELETE SET NULL;


",ID_ZONAL,"ID_ZONAL             NUMBER(4) NULL",NUMBER(4)
PK_LEGAJO,Yes,PK,"
CREATE UNIQUE INDEX PK_LEGAJO ON T_LEGAJOS
(ID_LEGAJO   ASC);



ALTER TABLE T_LEGAJOS
ADD CONSTRAINT  PK_LEGAJO PRIMARY KEY (ID_LEGAJO);


",ID_LEGAJO,"ID_LEGAJO            NUMBER(10) NOT NULL",NUMBER(10)
XIF1T_LEGAJOS,No,IF1,"
ALTER TABLE T_LEGAJOS
ADD CONSTRAINT FK_LEG_LOCAL FOREIGN KEY (ID_LOCAL_NNA) REFERENCES T_LOCALES (ID_LOCAL);


",ID_LOCAL_NNA,"ID_LOCAL_NNA         NUMBER(4) NULL",NUMBER(4)
XIF2T_LEGAJOS,No,IF2,"
ALTER TABLE T_LEGAJOS
ADD CONSTRAINT FK_LEG_OBR_SOC FOREIGN KEY (ID_OBRA_SOCIAL) REFERENCES RCIVIL.T_OBRAS_SOCIAL (ID_OBRA_SOCIAL);


",ID_OBRA_SOCIAL,"ID_OBRA_SOCIAL       NUMBER(10) NULL",NUMBER(10)
XIF5T_LEGAJOS,No,IF5,"
ALTER TABLE T_LEGAJOS
ADD CONSTRAINT R_19 FOREIGN KEY (ID_SEXO, NRO_DOCUMENTO, PAI_COD_PAIS, ID_NUMERO) REFERENCES RCIVIL.VT_PK_PERSONA (ID_SEXO, NRO_DOCUMENTO, PAI_COD_PAIS, ID_NUMERO) ON DELETE SET NULL;


",ID_SEXO,"ID_SEXO              VARCHAR2(2) NULL",VARCHAR2(2)
XIF5T_LEGAJOS,No,IF5,"
ALTER TABLE T_LEGAJOS
ADD CONSTRAINT R_19 FOREIGN KEY (ID_SEXO, NRO_DOCUMENTO, PAI_COD_PAIS, ID_NUMERO) REFERENCES RCIVIL.VT_PK_PERSONA (ID_SEXO, NRO_DOCUMENTO, PAI_COD_PAIS, ID_NUMERO) ON DELETE SET NULL;


",NRO_DOCUMENTO,"NRO_DOCUMENTO        VARCHAR2(12) NULL",VARCHAR2(12)
XIF5T_LEGAJOS,No,IF5,"
ALTER TABLE T_LEGAJOS
ADD CONSTRAINT R_19 FOREIGN KEY (ID_SEXO, NRO_DOCUMENTO, PAI_COD_PAIS, ID_NUMERO) REFERENCES RCIVIL.VT_PK_PERSONA (ID_SEXO, NRO_DOCUMENTO, PAI_COD_PAIS, ID_NUMERO) ON DELETE SET NULL;


",PAI_COD_PAIS,"PAI_COD_PAIS         VARCHAR2(5) NULL",VARCHAR2(5)
XIF5T_LEGAJOS,No,IF5,"
ALTER TABLE T_LEGAJOS
ADD CONSTRAINT R_19 FOREIGN KEY (ID_SEXO, NRO_DOCUMENTO, PAI_COD_PAIS, ID_NUMERO) REFERENCES RCIVIL.VT_PK_PERSONA (ID_SEXO, NRO_DOCUMENTO, PAI_COD_PAIS, ID_NUMERO) ON DELETE SET NULL;


",ID_NUMERO,"ID_NUMERO            NUMBER(10) NULL",NUMBER(10)
XIF6T_LEGAJOS,No,IF6,"
ALTER TABLE T_LEGAJOS
ADD CONSTRAINT R_25 FOREIGN KEY (ID_DOMICILIO) REFERENCES DOM_MANAGER.VT_DOMICILIOS (ID_VIN) ON DELETE SET NULL;


",ID_DOMICILIO,"ID_DOMICILIO         NUMBER(22) NULL",NUMBER(22)
XIF7T_LEGAJOS,No,IF7,"
ALTER TABLE T_LEGAJOS
ADD CONSTRAINT R_29 FOREIGN KEY (ID_ZONAL_NNA) REFERENCES T_ZONALES (ID_ZONAL) ON DELETE SET NULL;


",ID_ZONAL_NNA,"ID_ZONAL_NNA         NUMBER(4) NULL",NUMBER(4)
XIF8T_LEGAJOS,No,IF8,"
ALTER TABLE T_LEGAJOS
ADD CONSTRAINT R_48 FOREIGN KEY (ID_DERIVADOR) REFERENCES T_DERIVADORES (ID_DERIVADOR) ON DELETE SET NULL;


",ID_DERIVADOR,"ID_DERIVADOR         NUMBER(3) NULL",NUMBER(3)
XPKT_LLAMADAS_102,Yes,PK,"
CREATE UNIQUE INDEX XPKT_LLAMADAS_102 ON T_LLAMADAS_102
(ID_LLAMADA_102   ASC);



ALTER TABLE T_LLAMADAS_102
ADD CONSTRAINT  XPKT_LLAMADAS_102 PRIMARY KEY (ID_LLAMADA_102);


",ID_LLAMADA_102,"ID_LLAMADA_102       NUMBER(15) NOT NULL",NUMBER(15)
XIF1T_LLAMADAS_102,No,IF1,"
ALTER TABLE T_LLAMADAS_102
ADD CONSTRAINT R_50 FOREIGN KEY (ID_VIN) REFERENCES DOM_MANAGER.VT_DOMICILIOS (ID_VIN) ON DELETE SET NULL;


",ID_VIN,"ID_VIN               NUMBER(22) NULL",NUMBER(22)
XIF3T_LLAMADAS_102,No,IF3,"
ALTER TABLE T_LLAMADAS_102
ADD CONSTRAINT R_52 FOREIGN KEY (ID_ZONAL_DERIVACION) REFERENCES T_ZONALES (ID_ZONAL) ON DELETE SET NULL;


",ID_ZONAL_DERIVACION,"ID_ZONAL_DERIVACION  NUMBER(4) NULL",NUMBER(4)
XIF4T_LLAMADAS_102,No,IF4,"
ALTER TABLE T_LLAMADAS_102
ADD CONSTRAINT R_58 FOREIGN KEY (ID_USR_LINEA_102) REFERENCES T_USR_LLAMA_102 (ID_USR_LLAMA_102) ON DELETE SET NULL;


",ID_USR_LINEA_102,"ID_USR_LINEA_102     NUMBER(15) NULL",NUMBER(15)
XIF5T_LLAMADAS_102,No,IF5,"
ALTER TABLE T_LLAMADAS_102
ADD CONSTRAINT R_59 FOREIGN KEY (ID_FORMA_CONOCIMIENTO) REFERENCES T_FORMAS_CONOCIMIENTO (ID_FORMA_CONOCIMIENTO) ON DELETE SET NULL;


",ID_FORMA_CONOCIMIENTO,"ID_FORMA_CONOCIMIENTO NUMBER(2) NULL",NUMBER(2)
XIF7T_LLAMADAS_102,No,IF7,"
ALTER TABLE T_LLAMADAS_102
ADD CONSTRAINT R_61 FOREIGN KEY (ID_AMBITO_VULNERABILIDAD) REFERENCES T_AMBITOS_VULNERABILIDAD (ID_AMBITO_VULNERABILIDAD) ON DELETE SET NULL;


",ID_AMBITO_VULNERABILIDAD,"ID_AMBITO_VULNERABILIDAD NUMBER(2) NULL",NUMBER(2)
XIF9T_LLAMADAS_102,No,IF9,"
ALTER TABLE T_LLAMADAS_102
ADD CONSTRAINT R_74 FOREIGN KEY (ID_PRIORIDAD) REFERENCES T_PRIORIDADES_LLAMADA_102 (ID_PRIORIDAD) ON DELETE SET NULL;


",ID_PRIORIDAD,"ID_PRIORIDAD         NUMBER(2) NULL",NUMBER(2)
XIF10T_LLAMADAS_102,No,IF10,"
ALTER TABLE T_LLAMADAS_102
ADD CONSTRAINT R_75 FOREIGN KEY (ID_MOTIVO_PRINCIPAL) REFERENCES T_MOTIVOS_INTERVENCION (ID_MOTIVO_INTERVENCION) ON DELETE SET NULL;


",ID_MOTIVO_PRINCIPAL,"ID_MOTIVO_PRINCIPAL  NUMBER(10) NULL",NUMBER(10)
XIF11T_LLAMADAS_102,No,IF11,"
ALTER TABLE T_LLAMADAS_102
ADD CONSTRAINT R_76 FOREIGN KEY (ID_DERECHO_AFECTADO) REFERENCES T_DERECHOS_AFECTADO (ID_DERECHO_AFECTADO) ON DELETE SET NULL;


",ID_DERECHO_AFECTADO,"ID_DERECHO_AFECTADO  NUMBER(10) NULL",NUMBER(10)
XPKT_LLAMADAS_X_PROBLEMATICA,Yes,PK,"
CREATE UNIQUE INDEX XPKT_LLAMADAS_X_PROBLEMATICA ON T_LLAMADAS_X_PROBLEMATICA
(ID_LLAMADA_X_PROBLEMATICA   ASC);



ALTER TABLE T_LLAMADAS_X_PROBLEMATICA
ADD CONSTRAINT  XPKT_LLAMADAS_X_PROBLEMATICA PRIMARY KEY (ID_LLAMADA_X_PROBLEMATICA);


",ID_LLAMADA_X_PROBLEMATICA,"ID_LLAMADA_X_PROBLEMATICA NUMBER(15) NOT NULL",NUMBER(15)
XIF1T_LLAMADAS_X_PROBLEMATICA,No,IF1,"
ALTER TABLE T_LLAMADAS_X_PROBLEMATICA
ADD CONSTRAINT R_56 FOREIGN KEY (ID_LLAMADA_102) REFERENCES T_LLAMADAS_102 (ID_LLAMADA_102) ON DELETE SET NULL;


",ID_LLAMADA_102,"ID_LLAMADA_102       NUMBER(15) NULL",NUMBER(15)
XIF2T_LLAMADAS_X_PROBLEMATICA,No,IF2,"
ALTER TABLE T_LLAMADAS_X_PROBLEMATICA
ADD CONSTRAINT R_57 FOREIGN KEY (ID_PROBLEMATICA) REFERENCES T_PROBLEMATICAS (ID_PROBLEMATICA) ON DELETE SET NULL;


",ID_PROBLEMATICA,"ID_PROBLEMATICA      NUMBER(2) NULL",NUMBER(2)
PK_LOCAL,Yes,PK,"
CREATE UNIQUE INDEX PK_LOCAL ON T_LOCALES
(ID_LOCAL   ASC);



ALTER TABLE T_LOCALES
ADD CONSTRAINT  PK_LOCAL PRIMARY KEY (ID_LOCAL);


",ID_LOCAL,"ID_LOCAL             NUMBER(4) NOT NULL",NUMBER(4)
XIF1T_LOCALES,No,IF1,"
ALTER TABLE T_LOCALES
ADD CONSTRAINT FK_LOCAL_ZONAL FOREIGN KEY (ID_ZONAL) REFERENCES T_ZONALES (ID_ZONAL);


",ID_ZONAL,"ID_ZONAL             NUMBER(4) NOT NULL",NUMBER(4)
XIF2T_LOCALES,No,IF2,"
ALTER TABLE T_LOCALES
ADD CONSTRAINT R_14 FOREIGN KEY (ID_VIN) REFERENCES DOM_MANAGER.VT_DOMICILIOS (ID_VIN) ON DELETE SET NULL;


",ID_VIN,"ID_VIN               NUMBER(20) NULL",NUMBER(20)
XPKT_MOTIVOS_INTERV_TIPO_CIRC,Yes,PK,"
CREATE UNIQUE INDEX XPKT_MOTIVOS_INTERV_TIPO_CIRC ON T_MOTIVOS_INTERV_TIPO_CIRC
(ID_MOTIVO_INTERVENCION   ASC,ID_TIPO_CIRCUITO   ASC);



ALTER TABLE T_MOTIVOS_INTERV_TIPO_CIRC
ADD CONSTRAINT  XPKT_MOTIVOS_INTERV_TIPO_CIRC PRIMARY KEY (ID_MOTIVO_INTERVENCION,ID_TIPO_CIRCUITO);


",ID_MOTIVO_INTERVENCION,"ID_MOTIVO_INTERVENCION NUMBER(10) NOT NULL",NUMBER(10)
XPKT_MOTIVOS_INTERV_TIPO_CIRC,Yes,PK,"
CREATE UNIQUE INDEX XPKT_MOTIVOS_INTERV_TIPO_CIRC ON T_MOTIVOS_INTERV_TIPO_CIRC
(ID_MOTIVO_INTERVENCION   ASC,ID_TIPO_CIRCUITO   ASC);



ALTER TABLE T_MOTIVOS_INTERV_TIPO_CIRC
ADD CONSTRAINT  XPKT_MOTIVOS_INTERV_TIPO_CIRC PRIMARY KEY (ID_MOTIVO_INTERVENCION,ID_TIPO_CIRCUITO);


",ID_TIPO_CIRCUITO,"ID_TIPO_CIRCUITO     NUMBER(1) NOT NULL",NUMBER(1)
XIF1T_MOTIVOS_INTERV_TIPO_CIRC,No,IF1,"
ALTER TABLE T_MOTIVOS_INTERV_TIPO_CIRC
ADD CONSTRAINT R_78 FOREIGN KEY (ID_MOTIVO_INTERVENCION) REFERENCES T_MOTIVOS_INTERVENCION (ID_MOTIVO_INTERVENCION);


",ID_MOTIVO_INTERVENCION,"ID_MOTIVO_INTERVENCION NUMBER(10) NOT NULL",NUMBER(10)
XIF2T_MOTIVOS_INTERV_TIPO_CIRC,No,IF2,"
ALTER TABLE T_MOTIVOS_INTERV_TIPO_CIRC
ADD CONSTRAINT R_79 FOREIGN KEY (ID_TIPO_CIRCUITO) REFERENCES T_TIPOS_CIRCUITO (ID_TIPO_CIRCUITO);


",ID_TIPO_CIRCUITO,"ID_TIPO_CIRCUITO     NUMBER(1) NOT NULL",NUMBER(1)
PK_MOTIVO_INTERVENCION,Yes,PK,"
CREATE UNIQUE INDEX PK_MOTIVO_INTERVENCION ON T_MOTIVOS_INTERVENCION
(ID_MOTIVO_INTERVENCION   ASC);



ALTER TABLE T_MOTIVOS_INTERVENCION
ADD CONSTRAINT  PK_MOTIVO_INTERVENCION PRIMARY KEY (ID_MOTIVO_INTERVENCION);


",ID_MOTIVO_INTERVENCION,"ID_MOTIVO_INTERVENCION NUMBER(10) NOT NULL",NUMBER(10)
XIF1T_MOTIVOS_INTERVENCION,No,IF1,"
ALTER TABLE T_MOTIVOS_INTERVENCION
ADD CONSTRAINT FK_MOT_INTERV_DERECHO_A FOREIGN KEY (ID_DERECHO_AFECTADO) REFERENCES T_DERECHOS_AFECTADO (ID_DERECHO_AFECTADO);


",ID_DERECHO_AFECTADO,"ID_DERECHO_AFECTADO  NUMBER(10) NOT NULL",NUMBER(10)
XIF2T_MOTIVOS_INTERVENCION,No,IF2,"
ALTER TABLE T_MOTIVOS_INTERVENCION
ADD CONSTRAINT R_81 FOREIGN KEY (ID_CATEGORIA_MOTIVOS) REFERENCES T_CATEGORIAS_MOTIVO_I (ID_CATEGORIA_MOTIVO) ON DELETE SET NULL;


",ID_CATEGORIA_MOTIVOS,"ID_CATEGORIA_MOTIVOS NUMBER(10) NULL",NUMBER(10)
PK_JUZGADO,Yes,PK,"
CREATE UNIQUE INDEX PK_JUZGADO ON T_ORGANOS_JUDICIAL
(ID_ORGANO   ASC);



ALTER TABLE T_ORGANOS_JUDICIAL
ADD CONSTRAINT  PK_JUZGADO PRIMARY KEY (ID_ORGANO);


",ID_ORGANO,"ID_ORGANO            NUMBER(10) NOT NULL",NUMBER(10)
XIF1T_ORGANOS_JUDICIAL,No,IF1,"
ALTER TABLE T_ORGANOS_JUDICIAL
ADD CONSTRAINT R_26 FOREIGN KEY (ID_TIPO_ORG_JUDICIAL) REFERENCES T_TIPOS_ORG_JUDICIAL (ID_TIPO_ORG_JUDICIAL) ON DELETE SET NULL;


",ID_TIPO_ORG_JUDICIAL,"ID_TIPO_ORG_JUDICIAL NUMBER(10) NULL",NUMBER(10)
XIF2T_ORGANOS_JUDICIAL,No,IF2,"
ALTER TABLE T_ORGANOS_JUDICIAL
ADD CONSTRAINT R_27 FOREIGN KEY (ID_DEPARTAMENTO_JUDICIAL) REFERENCES T_DEPARTAMENTOS_JUDICIAL (ID_DEPARTAMENTO_JUDICIAL) ON DELETE SET NULL;


",ID_DEPARTAMENTO_JUDICIAL,"ID_DEPARTAMENTO_JUDICIAL NUMBER(10) NULL",NUMBER(10)
XPKT_ORIENTACION_LLAMADA,Yes,PK,"
CREATE UNIQUE INDEX XPKT_ORIENTACION_LLAMADA ON T_ORIENTACION_LLAMADA
(ID_LLAMADA_102   ASC,ID_INSTITUCION   ASC);



ALTER TABLE T_ORIENTACION_LLAMADA
ADD CONSTRAINT  XPKT_ORIENTACION_LLAMADA PRIMARY KEY (ID_LLAMADA_102,ID_INSTITUCION);


",ID_LLAMADA_102,"ID_LLAMADA_102       NUMBER(15) NOT NULL",NUMBER(15)
XPKT_ORIENTACION_LLAMADA,Yes,PK,"
CREATE UNIQUE INDEX XPKT_ORIENTACION_LLAMADA ON T_ORIENTACION_LLAMADA
(ID_LLAMADA_102   ASC,ID_INSTITUCION   ASC);



ALTER TABLE T_ORIENTACION_LLAMADA
ADD CONSTRAINT  XPKT_ORIENTACION_LLAMADA PRIMARY KEY (ID_LLAMADA_102,ID_INSTITUCION);


",ID_INSTITUCION,"ID_INSTITUCION       NUMBER(10) NOT NULL",NUMBER(10)
XIF1T_ORIENTACION_LLAMADA,No,IF1,"
ALTER TABLE T_ORIENTACION_LLAMADA
ADD CONSTRAINT R_83 FOREIGN KEY (ID_LLAMADA_102) REFERENCES T_LLAMADAS_102 (ID_LLAMADA_102);


",ID_LLAMADA_102,"ID_LLAMADA_102       NUMBER(15) NOT NULL",NUMBER(15)
XIF2T_ORIENTACION_LLAMADA,No,IF2,"
ALTER TABLE T_ORIENTACION_LLAMADA
ADD CONSTRAINT R_84 FOREIGN KEY (ID_INSTITUCION) REFERENCES T_INSTITUCIONES (ID_INSTITUCION);


",ID_INSTITUCION,"ID_INSTITUCION       NUMBER(10) NOT NULL",NUMBER(10)
XPKT_PRIORIDADES_LLAMADA_102,Yes,PK,"
CREATE UNIQUE INDEX XPKT_PRIORIDADES_LLAMADA_102 ON T_PRIORIDADES_LLAMADA_102
(ID_PRIORIDAD   ASC);



ALTER TABLE T_PRIORIDADES_LLAMADA_102
ADD CONSTRAINT  XPKT_PRIORIDADES_LLAMADA_102 PRIMARY KEY (ID_PRIORIDAD);


",ID_PRIORIDAD,"ID_PRIORIDAD         NUMBER(2) NOT NULL",NUMBER(2)
XPKT_PROBLEMATICAS,Yes,PK,"
CREATE UNIQUE INDEX XPKT_PROBLEMATICAS ON T_PROBLEMATICAS
(ID_PROBLEMATICA   ASC);



ALTER TABLE T_PROBLEMATICAS
ADD CONSTRAINT  XPKT_PROBLEMATICAS PRIMARY KEY (ID_PROBLEMATICA);


",ID_PROBLEMATICA,"ID_PROBLEMATICA      NUMBER(2) NOT NULL",NUMBER(2)
PK_RELACION_VINCULAR,Yes,PK,"
CREATE UNIQUE INDEX PK_RELACION_VINCULAR ON T_RELACIONES_VINCULAR
(ID_RELACION_VINCULAR   ASC);



ALTER TABLE T_RELACIONES_VINCULAR
ADD CONSTRAINT  PK_RELACION_VINCULAR PRIMARY KEY (ID_RELACION_VINCULAR);


",ID_RELACION_VINCULAR,"ID_RELACION_VINCULAR NUMBER(10) NOT NULL",NUMBER(10)
XIF1T_RELACIONES_VINCULAR,No,IF1,"
ALTER TABLE T_RELACIONES_VINCULAR
ADD CONSTRAINT FK_REL_VINC_ESTU_CURS FOREIGN KEY (SUP_ID_ESTUDIO_CURSADO) REFERENCES RCIVIL.VT_ESTUDIOS_CURSADO (ID_ESTUDIO_CURSADO);


",SUP_ID_ESTUDIO_CURSADO,"SUP_ID_ESTUDIO_CURSADO VARCHAR2(6) NULL",VARCHAR2(6)
XIF2T_RELACIONES_VINCULAR,No,IF2,"
ALTER TABLE T_RELACIONES_VINCULAR
ADD CONSTRAINT FK_REL_VINC_LEGAJO FOREIGN KEY (ID_LEGAJO) REFERENCES T_LEGAJOS (ID_LEGAJO);


",ID_LEGAJO,"ID_LEGAJO            NUMBER(10) NULL",NUMBER(10)
XIF4T_RELACIONES_VINCULAR,No,IF4,"
ALTER TABLE T_RELACIONES_VINCULAR
ADD CONSTRAINT FK_REL_VINC_SIT_LAB FOREIGN KEY (SUP_SITUACION_LABORAL) REFERENCES RCIVIL.VT_SITUACION_LABORAL (ID_SITUACION_LABORAL);


",SUP_SITUACION_LABORAL,"SUP_SITUACION_LABORAL VARCHAR2(6) NULL",VARCHAR2(6)
XIF5T_RELACIONES_VINCULAR,No,IF5,"
ALTER TABLE T_RELACIONES_VINCULAR
ADD CONSTRAINT FK_REL_VINC_TPO_VIN_F FOREIGN KEY (ID_VINCULO) REFERENCES RCIVIL.VT_VINCULOS (ID_VINCULO);


",ID_VINCULO,"ID_VINCULO           VARCHAR2(5) NULL",VARCHAR2(5)
XIF6T_RELACIONES_VINCULAR,No,IF6,"
ALTER TABLE T_RELACIONES_VINCULAR
ADD CONSTRAINT FK_REL_VINC_ESTADO_CIV FOREIGN KEY (SUP_ESTADO_CIVIL) REFERENCES RCIVIL.VT_ESTADOS_CIVIL (ID_ESTADO_CIVIL);


",SUP_ESTADO_CIVIL,"SUP_ESTADO_CIVIL     VARCHAR2(5) NULL",VARCHAR2(5)
XIF7T_RELACIONES_VINCULAR,No,IF7,"
ALTER TABLE T_RELACIONES_VINCULAR
ADD CONSTRAINT R_12 FOREIGN KEY (ID_SEXO, NRO_DOCUMENTO, PAI_COD_PAIS, ID_NUMERO) REFERENCES RCIVIL.VT_PK_PERSONA (ID_SEXO, NRO_DOCUMENTO, PAI_COD_PAIS, ID_NUMERO) ON DELETE SET NULL;


",ID_SEXO,"ID_SEXO              VARCHAR2(2) NULL",VARCHAR2(2)
XIF7T_RELACIONES_VINCULAR,No,IF7,"
ALTER TABLE T_RELACIONES_VINCULAR
ADD CONSTRAINT R_12 FOREIGN KEY (ID_SEXO, NRO_DOCUMENTO, PAI_COD_PAIS, ID_NUMERO) REFERENCES RCIVIL.VT_PK_PERSONA (ID_SEXO, NRO_DOCUMENTO, PAI_COD_PAIS, ID_NUMERO) ON DELETE SET NULL;


",NRO_DOCUMENTO,"NRO_DOCUMENTO        VARCHAR2(12) NULL",VARCHAR2(12)
XIF7T_RELACIONES_VINCULAR,No,IF7,"
ALTER TABLE T_RELACIONES_VINCULAR
ADD CONSTRAINT R_12 FOREIGN KEY (ID_SEXO, NRO_DOCUMENTO, PAI_COD_PAIS, ID_NUMERO) REFERENCES RCIVIL.VT_PK_PERSONA (ID_SEXO, NRO_DOCUMENTO, PAI_COD_PAIS, ID_NUMERO) ON DELETE SET NULL;


",PAI_COD_PAIS,"PAI_COD_PAIS         VARCHAR2(5) NULL",VARCHAR2(5)
XIF7T_RELACIONES_VINCULAR,No,IF7,"
ALTER TABLE T_RELACIONES_VINCULAR
ADD CONSTRAINT R_12 FOREIGN KEY (ID_SEXO, NRO_DOCUMENTO, PAI_COD_PAIS, ID_NUMERO) REFERENCES RCIVIL.VT_PK_PERSONA (ID_SEXO, NRO_DOCUMENTO, PAI_COD_PAIS, ID_NUMERO) ON DELETE SET NULL;


",ID_NUMERO,"ID_NUMERO            NUMBER(10) NULL",NUMBER(10)
XIF8T_RELACIONES_VINCULAR,No,IF8,"
ALTER TABLE T_RELACIONES_VINCULAR
ADD CONSTRAINT R_13 FOREIGN KEY (ID_DOMICILIO) REFERENCES DOM_MANAGER.VT_DOMICILIOS (ID_VIN) ON DELETE SET NULL;


",ID_DOMICILIO,"ID_DOMICILIO         NUMBER(20) NULL",NUMBER(20)
PK_ROL,Yes,PK,"
CREATE UNIQUE INDEX PK_ROL ON T_ROLES
(ID_ROL   ASC);



ALTER TABLE T_ROLES
ADD CONSTRAINT  PK_ROL PRIMARY KEY (ID_ROL);


",ID_ROL,"ID_ROL               NUMBER(2) NOT NULL",NUMBER(2)
PK_CAU_JUD,Yes,PK,"
CREATE UNIQUE INDEX PK_CAU_JUD ON T_SITUACION_JUDICIAL
(ID_SITUACION_JUDICIAL   ASC);



ALTER TABLE T_SITUACION_JUDICIAL
ADD CONSTRAINT  PK_CAU_JUD PRIMARY KEY (ID_SITUACION_JUDICIAL);


",ID_SITUACION_JUDICIAL,"ID_SITUACION_JUDICIAL NUMBER(10) NOT NULL",NUMBER(10)
XIF2T_SITUACION_JUDICIAL,No,IF2,"
ALTER TABLE T_SITUACION_JUDICIAL
ADD CONSTRAINT FK_CAU_JUD_LEGAJO FOREIGN KEY (ID_LEGAJO) REFERENCES T_LEGAJOS (ID_LEGAJO);


",ID_LEGAJO,"ID_LEGAJO            NUMBER(10) NULL",NUMBER(10)
XIF3T_SITUACION_JUDICIAL,No,IF3,"
ALTER TABLE T_SITUACION_JUDICIAL
ADD CONSTRAINT R_28 FOREIGN KEY (ID_ORGANO) REFERENCES T_ORGANOS_JUDICIAL (ID_ORGANO) ON DELETE SET NULL;


",ID_ORGANO,"ID_ORGANO            NUMBER(10) NULL",NUMBER(10)
XIF4T_SITUACION_JUDICIAL,No,IF4,"
ALTER TABLE T_SITUACION_JUDICIAL
ADD CONSTRAINT R_30 FOREIGN KEY (ID_ESTADO) REFERENCES T_ESTADOS_SITUACION_JUD (ID_ESTADO) ON DELETE SET NULL;


",ID_ESTADO,"ID_ESTADO            NUMBER(1) NULL",NUMBER(1)
XIF5T_SITUACION_JUDICIAL,No,IF5,"
ALTER TABLE T_SITUACION_JUDICIAL
ADD CONSTRAINT R_67 FOREIGN KEY (ID_TIPO_CIRCUITO) REFERENCES T_TIPOS_CIRCUITO (ID_TIPO_CIRCUITO) ON DELETE SET NULL;


",ID_TIPO_CIRCUITO,"ID_TIPO_CIRCUITO     NUMBER(1) NULL",NUMBER(1)
XPKT_T_CARACT_X_PERS,Yes,PK,"
CREATE UNIQUE INDEX XPKT_T_CARACT_X_PERS ON T_T_CARACT_X_PERS
(ID_SEXO   ASC,NRO_DOCUMENTO   ASC,PAI_COD_PAIS   ASC,ID_NUMERO   ASC,ID_CARACTERISTICA   ASC,ID_TIPO_CARACTERISTICA   ASC);



ALTER TABLE T_T_CARACT_X_PERS
ADD CONSTRAINT  XPKT_T_CARACT_X_PERS PRIMARY KEY (ID_SEXO,NRO_DOCUMENTO,PAI_COD_PAIS,ID_NUMERO,ID_CARACTERISTICA,ID_TIPO_CARACTERISTICA);


",ID_SEXO,"ID_SEXO              CHAR(18) NOT NULL",CHAR(18)
XPKT_T_CARACT_X_PERS,Yes,PK,"
CREATE UNIQUE INDEX XPKT_T_CARACT_X_PERS ON T_T_CARACT_X_PERS
(ID_SEXO   ASC,NRO_DOCUMENTO   ASC,PAI_COD_PAIS   ASC,ID_NUMERO   ASC,ID_CARACTERISTICA   ASC,ID_TIPO_CARACTERISTICA   ASC);



ALTER TABLE T_T_CARACT_X_PERS
ADD CONSTRAINT  XPKT_T_CARACT_X_PERS PRIMARY KEY (ID_SEXO,NRO_DOCUMENTO,PAI_COD_PAIS,ID_NUMERO,ID_CARACTERISTICA,ID_TIPO_CARACTERISTICA);


",NRO_DOCUMENTO,"NRO_DOCUMENTO        CHAR(18) NOT NULL",CHAR(18)
XPKT_T_CARACT_X_PERS,Yes,PK,"
CREATE UNIQUE INDEX XPKT_T_CARACT_X_PERS ON T_T_CARACT_X_PERS
(ID_SEXO   ASC,NRO_DOCUMENTO   ASC,PAI_COD_PAIS   ASC,ID_NUMERO   ASC,ID_CARACTERISTICA   ASC,ID_TIPO_CARACTERISTICA   ASC);



ALTER TABLE T_T_CARACT_X_PERS
ADD CONSTRAINT  XPKT_T_CARACT_X_PERS PRIMARY KEY (ID_SEXO,NRO_DOCUMENTO,PAI_COD_PAIS,ID_NUMERO,ID_CARACTERISTICA,ID_TIPO_CARACTERISTICA);


",PAI_COD_PAIS,"PAI_COD_PAIS         CHAR(18) NOT NULL",CHAR(18)
XPKT_T_CARACT_X_PERS,Yes,PK,"
CREATE UNIQUE INDEX XPKT_T_CARACT_X_PERS ON T_T_CARACT_X_PERS
(ID_SEXO   ASC,NRO_DOCUMENTO   ASC,PAI_COD_PAIS   ASC,ID_NUMERO   ASC,ID_CARACTERISTICA   ASC,ID_TIPO_CARACTERISTICA   ASC);



ALTER TABLE T_T_CARACT_X_PERS
ADD CONSTRAINT  XPKT_T_CARACT_X_PERS PRIMARY KEY (ID_SEXO,NRO_DOCUMENTO,PAI_COD_PAIS,ID_NUMERO,ID_CARACTERISTICA,ID_TIPO_CARACTERISTICA);


",ID_NUMERO,"ID_NUMERO            CHAR(18) NOT NULL",CHAR(18)
XPKT_T_CARACT_X_PERS,Yes,PK,"
CREATE UNIQUE INDEX XPKT_T_CARACT_X_PERS ON T_T_CARACT_X_PERS
(ID_SEXO   ASC,NRO_DOCUMENTO   ASC,PAI_COD_PAIS   ASC,ID_NUMERO   ASC,ID_CARACTERISTICA   ASC,ID_TIPO_CARACTERISTICA   ASC);



ALTER TABLE T_T_CARACT_X_PERS
ADD CONSTRAINT  XPKT_T_CARACT_X_PERS PRIMARY KEY (ID_SEXO,NRO_DOCUMENTO,PAI_COD_PAIS,ID_NUMERO,ID_CARACTERISTICA,ID_TIPO_CARACTERISTICA);


",ID_CARACTERISTICA,"ID_CARACTERISTICA    CHAR(18) NOT NULL",CHAR(18)
XPKT_T_CARACT_X_PERS,Yes,PK,"
CREATE UNIQUE INDEX XPKT_T_CARACT_X_PERS ON T_T_CARACT_X_PERS
(ID_SEXO   ASC,NRO_DOCUMENTO   ASC,PAI_COD_PAIS   ASC,ID_NUMERO   ASC,ID_CARACTERISTICA   ASC,ID_TIPO_CARACTERISTICA   ASC);



ALTER TABLE T_T_CARACT_X_PERS
ADD CONSTRAINT  XPKT_T_CARACT_X_PERS PRIMARY KEY (ID_SEXO,NRO_DOCUMENTO,PAI_COD_PAIS,ID_NUMERO,ID_CARACTERISTICA,ID_TIPO_CARACTERISTICA);


",ID_TIPO_CARACTERISTICA,"ID_TIPO_CARACTERISTICA CHAR(18) NOT NULL",CHAR(18)
XIF1T_T_CARACT_X_PERS,No,IF1,"
ALTER TABLE T_T_CARACT_X_PERS
ADD CONSTRAINT R_21 FOREIGN KEY (ID_SEXO, NRO_DOCUMENTO, PAI_COD_PAIS, ID_NUMERO) REFERENCES RCIVIL.VT_PK_PERSONA (ID_SEXO, NRO_DOCUMENTO, PAI_COD_PAIS, ID_NUMERO);


",ID_SEXO,"ID_SEXO              CHAR(18) NOT NULL",CHAR(18)
XIF1T_T_CARACT_X_PERS,No,IF1,"
ALTER TABLE T_T_CARACT_X_PERS
ADD CONSTRAINT R_21 FOREIGN KEY (ID_SEXO, NRO_DOCUMENTO, PAI_COD_PAIS, ID_NUMERO) REFERENCES RCIVIL.VT_PK_PERSONA (ID_SEXO, NRO_DOCUMENTO, PAI_COD_PAIS, ID_NUMERO);


",NRO_DOCUMENTO,"NRO_DOCUMENTO        CHAR(18) NOT NULL",CHAR(18)
XIF1T_T_CARACT_X_PERS,No,IF1,"
ALTER TABLE T_T_CARACT_X_PERS
ADD CONSTRAINT R_21 FOREIGN KEY (ID_SEXO, NRO_DOCUMENTO, PAI_COD_PAIS, ID_NUMERO) REFERENCES RCIVIL.VT_PK_PERSONA (ID_SEXO, NRO_DOCUMENTO, PAI_COD_PAIS, ID_NUMERO);


",PAI_COD_PAIS,"PAI_COD_PAIS         CHAR(18) NOT NULL",CHAR(18)
XIF1T_T_CARACT_X_PERS,No,IF1,"
ALTER TABLE T_T_CARACT_X_PERS
ADD CONSTRAINT R_21 FOREIGN KEY (ID_SEXO, NRO_DOCUMENTO, PAI_COD_PAIS, ID_NUMERO) REFERENCES RCIVIL.VT_PK_PERSONA (ID_SEXO, NRO_DOCUMENTO, PAI_COD_PAIS, ID_NUMERO);


",ID_NUMERO,"ID_NUMERO            CHAR(18) NOT NULL",CHAR(18)
XIF2T_T_CARACT_X_PERS,No,IF2,"
ALTER TABLE T_T_CARACT_X_PERS
ADD CONSTRAINT R_22 FOREIGN KEY (ID_CARACTERISTICA, ID_TIPO_CARACTERISTICA) REFERENCES RCIVIL.T_CARACTERISTICAS (ID_CARACTERISTICA, ID_TIPO_CARACTERISTICA);


",ID_CARACTERISTICA,"ID_CARACTERISTICA    CHAR(18) NOT NULL",CHAR(18)
XIF2T_T_CARACT_X_PERS,No,IF2,"
ALTER TABLE T_T_CARACT_X_PERS
ADD CONSTRAINT R_22 FOREIGN KEY (ID_CARACTERISTICA, ID_TIPO_CARACTERISTICA) REFERENCES RCIVIL.T_CARACTERISTICAS (ID_CARACTERISTICA, ID_TIPO_CARACTERISTICA);


",ID_TIPO_CARACTERISTICA,"ID_TIPO_CARACTERISTICA CHAR(18) NOT NULL",CHAR(18)
XPKT_TIPOS_CIRCUITO,Yes,PK,"
CREATE UNIQUE INDEX XPKT_TIPOS_CIRCUITO ON T_TIPOS_CIRCUITO
(ID_TIPO_CIRCUITO   ASC);



ALTER TABLE T_TIPOS_CIRCUITO
ADD CONSTRAINT  XPKT_TIPOS_CIRCUITO PRIMARY KEY (ID_TIPO_CIRCUITO);


",ID_TIPO_CIRCUITO,"ID_TIPO_CIRCUITO     NUMBER(1) NOT NULL",NUMBER(1)
XPKT_TIPOS_DELITO,Yes,PK,"
CREATE UNIQUE INDEX XPKT_TIPOS_DELITO ON T_TIPOS_DELITO
(ID_TIPO_DELITO   ASC);



ALTER TABLE T_TIPOS_DELITO
ADD CONSTRAINT  XPKT_TIPOS_DELITO PRIMARY KEY (ID_TIPO_DELITO);


",ID_TIPO_DELITO,"ID_TIPO_DELITO       NUMBER(10) NOT NULL",NUMBER(10)
XIF1T_TIPOS_DELITO,No,IF1,"
ALTER TABLE T_TIPOS_DELITO
ADD CONSTRAINT R_72 FOREIGN KEY (ID_AGRUPAMIENTO_DELITO) REFERENCES T_AGRUPAMIENTOS_DELITO (ID_AGRUPAMIENTO_DELITO) ON DELETE SET NULL;


",ID_AGRUPAMIENTO_DELITO,"ID_AGRUPAMIENTO_DELITO NUMBER(10) NULL",NUMBER(10)
XPKT_TIPOS_DELITOS_X_SITU_JUDI,Yes,PK,"
CREATE UNIQUE INDEX XPKT_TIPOS_DELITOS_X_SITU_JUDI ON T_TIPOS_DELITOS_X_SITU_JUDI
(ID_TIPO_DELITO   ASC,ID_SITUACION_JUDICIAL   ASC);



ALTER TABLE T_TIPOS_DELITOS_X_SITU_JUDI
ADD CONSTRAINT  XPKT_TIPOS_DELITOS_X_SITU_JUDI PRIMARY KEY (ID_TIPO_DELITO,ID_SITUACION_JUDICIAL);


",ID_TIPO_DELITO,"ID_TIPO_DELITO       NUMBER(10) NOT NULL",NUMBER(10)
XPKT_TIPOS_DELITOS_X_SITU_JUDI,Yes,PK,"
CREATE UNIQUE INDEX XPKT_TIPOS_DELITOS_X_SITU_JUDI ON T_TIPOS_DELITOS_X_SITU_JUDI
(ID_TIPO_DELITO   ASC,ID_SITUACION_JUDICIAL   ASC);



ALTER TABLE T_TIPOS_DELITOS_X_SITU_JUDI
ADD CONSTRAINT  XPKT_TIPOS_DELITOS_X_SITU_JUDI PRIMARY KEY (ID_TIPO_DELITO,ID_SITUACION_JUDICIAL);


",ID_SITUACION_JUDICIAL,"ID_SITUACION_JUDICIAL NUMBER(10) NOT NULL",NUMBER(10)
XIF1T_TIPOS_DELITOS_X_SITU_JUD,No,IF1,"
ALTER TABLE T_TIPOS_DELITOS_X_SITU_JUDI
ADD CONSTRAINT R_69 FOREIGN KEY (ID_TIPO_DELITO) REFERENCES T_TIPOS_DELITO (ID_TIPO_DELITO);


",ID_TIPO_DELITO,"ID_TIPO_DELITO       NUMBER(10) NOT NULL",NUMBER(10)
XIF2T_TIPOS_DELITOS_X_SITU_JUD,No,IF2,"
ALTER TABLE T_TIPOS_DELITOS_X_SITU_JUDI
ADD CONSTRAINT R_70 FOREIGN KEY (ID_SITUACION_JUDICIAL) REFERENCES T_SITUACION_JUDICIAL (ID_SITUACION_JUDICIAL);


",ID_SITUACION_JUDICIAL,"ID_SITUACION_JUDICIAL NUMBER(10) NOT NULL",NUMBER(10)
PK_TPO_INST,Yes,PK,"
CREATE UNIQUE INDEX PK_TPO_INST ON T_TIPOS_INSTITUCION
(ID_TIPO_INSTITUCION   ASC);



ALTER TABLE T_TIPOS_INSTITUCION
ADD CONSTRAINT  PK_TPO_INST PRIMARY KEY (ID_TIPO_INSTITUCION);


",ID_TIPO_INSTITUCION,"ID_TIPO_INSTITUCION  NUMBER(3) NOT NULL",NUMBER(3)
PK_TIPO_INTERVENCION,Yes,PK,"
CREATE UNIQUE INDEX PK_TIPO_INTERVENCION ON T_TIPOS_INTERVENCION
(ID_TIPO_INTERVENCION   ASC);



ALTER TABLE T_TIPOS_INTERVENCION
ADD CONSTRAINT  PK_TIPO_INTERVENCION PRIMARY KEY (ID_TIPO_INTERVENCION);


",ID_TIPO_INTERVENCION,"ID_TIPO_INTERVENCION NUMBER(10) NOT NULL",NUMBER(10)
XIF1T_TIPOS_INTERVENCION,No,IF1,"
ALTER TABLE T_TIPOS_INTERVENCION
ADD CONSTRAINT FK_TPO_INT_CAT_TIPO_INT FOREIGN KEY (ID_CATEGORIA_TIPO_INTERV) REFERENCES T_CATEGORIAS_TIPO_INTERV (ID_CATEGORIA_TIPO_INTERV);


",ID_CATEGORIA_TIPO_INTERV,"ID_CATEGORIA_TIPO_INTERV NUMBER(10) NOT NULL",NUMBER(10)
XIF2T_TIPOS_INTERVENCION,No,IF2,"
ALTER TABLE T_TIPOS_INTERVENCION
ADD CONSTRAINT R_17 FOREIGN KEY (ID_TIPO_CIRCUITO) REFERENCES T_TIPOS_CIRCUITO (ID_TIPO_CIRCUITO) ON DELETE SET NULL;


",ID_TIPO_CIRCUITO,"ID_TIPO_CIRCUITO     NUMBER(1) NULL",NUMBER(1)
XPKT_TIPOS_OPERADOR,Yes,PK,"
CREATE UNIQUE INDEX XPKT_TIPOS_OPERADOR ON T_TIPOS_OPERADOR
(ID_TIPO_OPERADOR   ASC);



ALTER TABLE T_TIPOS_OPERADOR
ADD CONSTRAINT  XPKT_TIPOS_OPERADOR PRIMARY KEY (ID_TIPO_OPERADOR);


",ID_TIPO_OPERADOR,"ID_TIPO_OPERADOR     NUMBER(3) NOT NULL",NUMBER(3)
PK_TPO_ORG_JUDIC,Yes,PK,"
CREATE UNIQUE INDEX PK_TPO_ORG_JUDIC ON T_TIPOS_ORG_JUDICIAL
(ID_TIPO_ORG_JUDICIAL   ASC);



ALTER TABLE T_TIPOS_ORG_JUDICIAL
ADD CONSTRAINT  PK_TPO_ORG_JUDIC PRIMARY KEY (ID_TIPO_ORG_JUDICIAL);


",ID_TIPO_ORG_JUDICIAL,"ID_TIPO_ORG_JUDICIAL NUMBER(10) NOT NULL",NUMBER(10)
XPKT_TIPOS_USUARIO_102,Yes,PK,"
CREATE UNIQUE INDEX XPKT_TIPOS_USUARIO_102 ON T_TIPOS_USUARIO_102
(ID_TIPO_USUARIO_102   ASC);



ALTER TABLE T_TIPOS_USUARIO_102
ADD CONSTRAINT  XPKT_TIPOS_USUARIO_102 PRIMARY KEY (ID_TIPO_USUARIO_102);


",ID_TIPO_USUARIO_102,"ID_TIPO_USUARIO_102  NUMBER(2) NOT NULL",NUMBER(2)
XPKT_TURNOS_OPERADORES_102,Yes,PK,"
CREATE UNIQUE INDEX XPKT_TURNOS_OPERADORES_102 ON T_TURNOS_OPERADORES_102
(hora_desde   ASC);



ALTER TABLE T_TURNOS_OPERADORES_102
ADD CONSTRAINT  XPKT_TURNOS_OPERADORES_102 PRIMARY KEY (hora_desde);


",hora_desde,"hora_desde           NUMBER(10) NOT NULL",NUMBER(10)
XPKT_USR_LLAMA_102,Yes,PK,"
CREATE UNIQUE INDEX XPKT_USR_LLAMA_102 ON T_USR_LLAMA_102
(ID_USR_LLAMA_102   ASC);



ALTER TABLE T_USR_LLAMA_102
ADD CONSTRAINT  XPKT_USR_LLAMA_102 PRIMARY KEY (ID_USR_LLAMA_102);


",ID_USR_LLAMA_102,"ID_USR_LLAMA_102     NUMBER(15) NOT NULL",NUMBER(15)
XIF1T_USR_LLAMA_102,No,IF1,"
ALTER TABLE T_USR_LLAMA_102
ADD CONSTRAINT R_53 FOREIGN KEY (ID_TIPO_USUARIO_102) REFERENCES T_TIPOS_USUARIO_102 (ID_TIPO_USUARIO_102) ON DELETE SET NULL;


",ID_TIPO_USUARIO_102,"ID_TIPO_USUARIO_102  NUMBER(2) NULL",NUMBER(2)
XIF2T_USR_LLAMA_102,No,IF2,"
ALTER TABLE T_USR_LLAMA_102
ADD CONSTRAINT R_54 FOREIGN KEY (ID_VINCULO) REFERENCES RCIVIL.VT_VINCULOS (ID_VINCULO) ON DELETE SET NULL;


",ID_VINCULO,"ID_VINCULO           VARCHAR2(5) NULL",VARCHAR2(5)
XIF3T_USR_LLAMA_102,No,IF3,"
ALTER TABLE T_USR_LLAMA_102
ADD CONSTRAINT R_55 FOREIGN KEY (ID_SEXO) REFERENCES RCIVIL.VT_SEXOS (ID_SEXO) ON DELETE SET NULL;


",ID_SEXO,"ID_SEXO              VARCHAR2(2) NULL",VARCHAR2(2)
PK_USUARIO,Yes,PK,"
CREATE UNIQUE INDEX PK_USUARIO ON T_USUARIOS
(CUIL   ASC);



ALTER TABLE T_USUARIOS
ADD CONSTRAINT  PK_USUARIO PRIMARY KEY (CUIL);


",CUIL,"CUIL                 VARCHAR2(11) NOT NULL",VARCHAR2(11)
XIF3T_USUARIOS,No,IF3,"
ALTER TABLE T_USUARIOS
ADD CONSTRAINT R_6 FOREIGN KEY (ID_LOCAL) REFERENCES T_LOCALES (ID_LOCAL) ON DELETE SET NULL;


",ID_LOCAL,"ID_LOCAL             NUMBER(4) NULL",NUMBER(4)
XIF4T_USUARIOS,No,IF4,"
ALTER TABLE T_USUARIOS
ADD CONSTRAINT R_23 FOREIGN KEY (ID_ZONAL) REFERENCES T_ZONALES (ID_ZONAL) ON DELETE SET NULL;


",ID_ZONAL,"ID_ZONAL             NUMBER(4) NULL",NUMBER(4)
XIF5T_USUARIOS,No,IF5,"
ALTER TABLE T_USUARIOS
ADD CONSTRAINT R_24 FOREIGN KEY (ID_TIPO_OPERADOR) REFERENCES T_TIPOS_OPERADOR (ID_TIPO_OPERADOR) ON DELETE SET NULL;


",ID_TIPO_OPERADOR,"ID_TIPO_OPERADOR     NUMBER(3) NULL",NUMBER(3)
XIF6T_USUARIOS,No,IF6,"
ALTER TABLE T_USUARIOS
ADD CONSTRAINT R_38 FOREIGN KEY (ID_ROL) REFERENCES T_ROLES (ID_ROL) ON DELETE SET NULL;


",ID_ROL,"ID_ROL               NUMBER(2) NULL",NUMBER(2)
PK_ZONAL,Yes,PK,"
CREATE UNIQUE INDEX PK_ZONAL ON T_ZONALES
(ID_ZONAL   ASC);



ALTER TABLE T_ZONALES
ADD CONSTRAINT  PK_ZONAL PRIMARY KEY (ID_ZONAL);


",ID_ZONAL,"ID_ZONAL             NUMBER(4) NOT NULL",NUMBER(4)
XIF2T_ZONALES,No,IF2,"
ALTER TABLE T_ZONALES
ADD CONSTRAINT R_16 FOREIGN KEY (ID_VIN) REFERENCES DOM_MANAGER.VT_DOMICILIOS (ID_VIN) ON DELETE SET NULL;


",ID_VIN,"ID_VIN               NUMBER(20) NULL",NUMBER(20)


